<?xml version="1.0" encoding="UTF-8"?>
<validateThis xsi:noNamespaceSchemaLocation="validateThis.xsd" xmlns:xsi="http://www.w3.org/2001/XMLSchema-instance">
	<objectProperties>
		<property name="fname" desc="First Name">
			<rule type="required" />
		</property>
		<property name="lname" desc="Last Name">
			<rule type="required" />
			<rule type="rangelength" contexts="*">
				<param minlength="5" />
				<param maxlength="10" />
			</rule>
		</property>
		<property name="email" desc="Email Address">
			<rule type="required" />
			<rule type="email" failureMessage="Hey, buddy, you call that an Email Address?" />
		</property>
	</objectProperties>
</validateThis>
